bodyId_pre,type_pre,weight
611015907,SMP176,287
5813087891,SMP544,255
1598011458,LAL134,243
5813022375,IB017,236
448342846,CRE075,225
517242832,Unknown,168
635908014,SMP052,165
576574889,SMP052,157
636944318,SMP383,156
514850616,pC1e,148
452689494,SMP550,147
542376096,SMP237,135
5813053712,IB017,134
611629428,CRE077,133
422622063,SMP042,132
577330676,SMP383,125
5813055749,SMP185,125
5813132515,SMP051,123
1787636059,VES047,118
641714522,Unknown,109
5813063587,pC1d,109
642724189,Unknown,104
576825965,OA-VUMa7,103
328274638,SMP551,102
5813055949,SMP175,102
952374245,LAL114,98
610312734,CRE023,95
5813049378,SMP311,93
5813009620,SMP109,92
579700707,SMP550,87
576566223,SMP153,83
790405385,SMP386,83
5812980884,SMP339,82
5813070569,SMP013,82
391610069,SMP420,81
612034653,SMP014,80
853173648,IB111,79
924049792,Unknown,77
544158940,SMP189,76
882922539,IB047,73
5813109327,SMP386,73
1439754917,Unknown,72
5813046185,Unknown,70
488922181,SMP048,67
735488299,LAL022,67
329566197,SMP549,66
613394707,SMP555,66
727929407,SMP284,65
515588291,SMP520,63
611037750,SMP122,61
5813022160,SMP567,61
298603730,SMP179,60
422056521,SMP566,60
579536041,SMP556,60
543049093,SMP314,59
297580589,SMP548,58
833043564,Unknown,58
392757094,SMP551,57
730006122,LAL022,56
392389970,SMP153,54
1294102958,Unknown,54
641709938,SMP112,53
704453006,SMP322,53
481747302,SMP516,51
514816333,SMP566,51
635890732,SMP573,51
644421171,Unknown,51
674108802,SMP112,51
1049247113,LAL160,50
5813071370,Unknown,50
422056477,SMP566,49
675127915,SMP006,49
736860990,OA-VUMa6,49
297921608,SMP333,48
611357256,Unknown,48
5813027737,CRE043_c,48
576082257,SMP314,47
739213376,SIP033,47
761040902,CRE002,47
1134140939,CL167,47
328939480,SMP559,46
421041565,SMP157,46
451049385,LHPV10a1,46
488572496,SMP123,46
516780722,SMP003,46
642509080,SMP007,46
983063787,Unknown,46
673090000,SMP278,45
424193116,SMP179,44
509945954,Unknown,44
640691030,SMP422,44
760397222,SIP033,44
550988122,SMP471,43
575197482,SMP389,43
643402037,SMP357,43
675822559,AVLP316,43
5813020800,SMP566,43
453130054,SMP516,42
736433303,CL236,42
798939240,SMP556,42
508689623,CRE074,41
669649730,LAL022,41
701742479,SMP316_b,41
825489724,CRE017,41
549269622,SMP564,40
675809900,SMP006,40
800233950,AVLP316,40
1226206190,PS199,40
1785931916,VES075,40
5812981228,SMP319,40
5813058050,PPL102,40
699687305,SMP512,39
486544396,PAL02,38
894020730,MBON31,38
451662040,SMP389,37
513344531,SMP495,37
984536209,LAL100,37
5812981237,SMP240,37
5813019560,SMP562,37
706508078,SMP112,36
1325138116,CRE002,36
1415829386,Unknown,36
5812981517,SMP317,36
582696254,SMP005,35
733182574,SMP162,35
1144761556,LAL129,35
1362674294,VES067,35
1754213254,Unknown,35
416876055,SLP278,34
612742224,CRE035,34
674532291,SMP051,34
764817903,SMP111,34
1014107332,Unknown,34
5813069630,NPFL1-I,34
329566174,OA-VPM3,33
607273128,SMP315,33
639008013,SMP403,33
673435566,Unknown,33
674108632,AVLP075,33
887640858,Unknown,33
925241334,LAL155,33
1465630554,LAL161,33
5813014032,SMP040,33
455500416,PAL02,32
608261812,SMP542,32
983426636,FS1A,32
1048250312,LAL155,32
1325138101,Unknown,32
1914460817,VES079,32
5813083779,CRE022,32
610342229,Unknown,31
702760942,CL157,31
765504308,SMP111,31
790741191,SMP327,31
827893839,Unknown,31
829636950,CRE046,31
1044918145,FS1A,31
1138026774,FS1A,31
1263404948,Unknown,31
5813013342,pC1d,31
328244591,SMP564,30
483797945,SMP007,30
544037996,SMP313,30
612746557,SMP141,30
705217250,Unknown,30
730398148,SMP520,30
951808062,FS1A,30
5812981381,PPL102,30
516163285,SMP464,29
614081109,SMP005,29
1230095228,FS1A,29
1262360335,LAL014,29
326884331,SMP362,28
327587644,SMP162,28
516551382,Unknown,28
547158593,SMP003,28
548722538,SMP237,28
670370239,Unknown,28
702152113,AVLP075,28
1049946735,Unknown,28
1073069488,CL319,28
545501062,SMP464,27
546641039,SMP052,27
635895000,SMP271,27
673772290,Unknown,27
859265651,PPL107,27
2282485535,Unknown,27
5813022923,FS1A,27
296203325,SMP357,26
297217528,SMP563,26
604709727,LHPV10b1,26
796393522,SMP316_a,26
983093876,FS1A,26
1106888382,FS1A,26
1345061120,FS1A,26
1419909152,LAL011,26
1752888162,Unknown,26
5813016900,FS1A,26
514613165,Unknown,25
766186252,SMP385,25
790417660,CL166,25
885257938,FS1A,25
915273417,FS1A,25
983771898,Unknown,25
1014802430,LAL175,25
1223274640,IB072,25
1449606569,LAL069,25
296203434,SMP357,24
579575594,LHPV5e3,24
604195247,SMP463,24
609656444,SMP143,24
672598344,Unknown,24
732431788,SMP312,24
826844892,LAL031,24
983767417,LAL175,24
1045141938,FS1A,24
1070141508,PS202,24
1748092323,Unknown,24
5813022814,aIPg2,24
387568523,LHPD5d1,23
667266529,CRE108,23
858928511,Unknown,23
915623395,FC2B,23
983430664,FS1A,23
1112443807,LAL129,23
1291374677,FS1A,23
5813026705,SMP589,23
5813060768,SMP600,23
5813111272,CL236,23
423096449,SMP007,22
515869245,Unknown,22
547240545,SMP123,22
548708363,Unknown,22
603068370,SMP284,22
608369629,Unknown,22
670357457,SMP393,22
733458828,SMP163,22
890425079,FS1A,22
894702888,LAL013,22
912583959,FC2B,22
1014465452,FS1A,22
1039063931,FS1A,22
1138587910,LAL141,22
2065244716,Unknown,22
296531366,SMP362,21
356429209,LHPD2c1,21
418503161,SMP245,21
545510060,PLP122,21
607597135,SMP149,21
675887521,Unknown,21
730398229,SMP312,21
800937779,LAL031,21
925811326,Unknown,21
1195891557,FS1A,21
1291142212,FC2B,21
1407139453,Unknown,21
1910070652,Unknown,21
5812982324,SMP271,21
5813083780,SMP385,21
5813130366,FS1A,21
574732075,SMP580,20
643389529,SMP392,20
644761952,LHPD2c5,20
671756253,Unknown,20
673085574,SMP391,20
736109737,SMP568_c,20
796193592,CRE016,20
862697175,SMP568_c,20
915964748,FS1A,20
977352235,FC2B,20
1134849078,FC2B,20
1165305889,FS1A,20
1511016097,IB074,20
2283504379,Unknown,20
298241038,SMP408_d,19
362299997,SMP032,19
420688062,Unknown,19
542691005,SMP319,19
612712334,SMP030,19
703857506,Unknown,19
953039761,Unknown,19
977598865,CL318,19
1014223948,FS1A,19
1014465588,FS1A,19
1014474192,FS1A,19
1071769518,FS1A,19
1480452227,Unknown,19
1512029563,IB073,19
1570111396,FC2B,19
1666561406,LAL015,19
1722185618,Unknown,19
2096966671,Unknown,19
2159718465,Unknown,19
5812981791,PPL108,19
5813011483,SMP149,19
5813012136,SLP401,19
5813079417,CL251,19
5813133463,CRE043_c,19
457520516,Unknown,18
488581156,Unknown,18
550068399,Unknown,18
668285416,SMP151,18
674781866,SMP578,18
698314499,SMP331,18
795826923,CRE017,18
821728921,CL167,18
977339225,FC2B,18
1008391068,FC2B,18
1009371535,FC2B,18
1071496918,FS1A,18
1192922295,Unknown,18
5812980743,SMP151,18
5813065365,FS1A,18
5813081864,FC2B,18
297929935,Unknown,17
326884223,SMP359_b,17
358725902,Unknown,17
359744514,pC1a,17
418987009,SMP464,17
420666689,SMP436,17
422738252,SMP178,17
512787296,SMP317,17
634879889,SMP463,17
672429275,Unknown,17
674882302,Unknown,17
765823131,Unknown,17
767903933,SMP273,17
940791248,FS1A,17
976934253,SMP594,17
976964834,IB022,17
976994022,FS1A,17
977697611,FS1A,17
1014461486,FS1A,17
1039085109,FS1A,17
1039426238,FS1A,17
1070422316,FC2B,17
1136252170,FS1A,17
1164545788,FC2B,17
1633078450,Unknown,17
1971462092,Unknown,17
5813021122,LAL143,17
5813046951,pC1a,17
5813056041,SMP418,17
5813124162,SMP322,17
358639742,SMP512,16
393063351,SMP272,16
573142557,SMP463,16
574515806,SMP520,16
609979769,SMP360,16
610670860,Unknown,16
611020135,Unknown,16
668742424,SMP422,16
669670654,SMP554,16
698742094,SMP160,16
858906840,LAL115,16
920108605,Unknown,16
925824977,Unknown,16
1014102651,FS1A,16
1044800536,FS1A,16
1812510378,Unknown,16
1970439129,Unknown,16
5812983240,SMP312,16
5813012786,SMP464,16
5813026656,Unknown,16
5813027592,SMP376,16
5813049907,SLP390,16
486185442,Unknown,15
578690477,Unknown,15
582700300,SMP004,15
612367371,SMP004,15
638040562,SMP588,15
739567785,VES060,15
797255293,Unknown,15
1041071176,FC2B,15
1041666949,Unknown,15
1071760480,FC2C,15
5813055800,LHPD5d1,15
296859399,SMP560,14
326888627,SMP361,14
328943204,SMP181,14
358847551,SMP255,14
360310976,SMP060,14
390331214,PLP121,14
418607477,SMP437,14
513668146,SMP495,14
514043443,SMP245,14
574973454,Unknown,14
609655670,SMP315,14
642387793,LHPD2c5,14
669433549,Unknown,14
708545526,SMP547,14
790417325,Unknown,14
821729349,CL167,14
828316322,Unknown,14
915605802,FC2C,14
987117151,LAL010,14
1075611602,FS1A,14
1257629175,FC2B,14
2065577319,Unknown,14
5813019908,Unknown,14
5813056071,SMP331,14
5813071068,SMP588,14
330640044,SMP181,13
519004170,SLP212,13
519616809,SMP180,13
550059489,Unknown,13
611340150,SMP317,13
613480833,Unknown,13
644433538,SMP015,13
669075559,SMP339,13
674446014,LAL030_a,13
703101952,SMP021,13
796599303,Unknown,13
800303089,PPL108,13
952525648,VES059,13
983067799,FS1A,13
983767602,FS1B,13
1260883995,LC33a,13
2033873422,Unknown,13
2188361989,Unknown,13
2283171130,Unknown,13
5812982885,Unknown,13
5813041237,LAL023,13
5901225755,Unknown,13
296203392,SMP359_a,12
386877197,SMP424,12
420723066,SMP036,12
484735637,SLP330,12
518217691,Unknown,12
583132200,SMP052,12
610321522,SMP151,12
613079053,MBON04,12
642046803,SMP588,12
643073880,Unknown,12
643156727,SMP176,12
645449236,CL278,12
705462899,CRE018,12
730692294,IB049,12
832646151,SMP214,12
861251038,aIPg4,12
890671753,FB5D,12
914466864,SMP280,12
1009578838,SMP560,12
1039400642,FB5O,12
1166674437,FC2C,12
1323454861,FS1A,12
1418924735,LAL069,12
2064225833,Unknown,12
5812980666,FB5K,12
5813013653,Unknown,12
5813021247,FB5E,12
5813021602,SMP198,12
5813058222,SMP546,12
5813077929,Unknown,12
5901196319,SMP563,12
330316013,SMP389,11
456833888,SIP090,11
510676580,SMP424,11
512765816,LHAD1b6_a,11
549597974,SMP142,11
576898212,SMP007,11
578936675,FB5G,11
612742137,SMP140,11
643152220,Unknown,11
671795298,Unknown,11
673758836,SMP455,11
698979607,SMP047,11
701345660,LAL182,11
705554385,CL237,11
737832306,AOTU029,11
796755936,SMP557,11
798322393,Unknown,11
826136822,SMP568_b,11
828316308,Unknown,11
852763122,CL166,11
858453703,AVLP561,11
885262118,FC2C,11
920873167,PLP161,11
1072063538,DNp27,11
1104155212,FC2C,11
1138212774,aIPg1,11
1173029301,SMP588,11
1878354441,Unknown,11
1906663903,Unknown,11
5813020751,SIP060,11
5813056881,SMP374,11
5813057464,FC2B,11
5813088525,Unknown,11
5813129271,FC2C,11
5901215971,Unknown,11
329983926,FB5G,10
392821837,pC1b,10
417221397,SMP238,10
450034902,LPN,10
485628489,Unknown,10
574511458,SMP514,10
575301459,SMP520,10
578254032,SMP151,10
639995972,CRE078,10
641373426,Unknown,10
644757911,SMP318,10
703438567,SMP021,10
705229969,SMP359,10
729358056,SMP394,10
736140238,CRE080,10
765611896,Unknown,10
796301840,Unknown,10
859665971,Unknown,10
863059358,Unknown,10
888577071,Unknown,10
915946994,FC2C,10
922012309,Unknown,10
1014457195,FS1B,10
1014465666,FS1A,10
1017880794,Unknown,10
1035393986,FC2C,10
1045268099,FS1A,10
1048289014,Unknown,10
1076168044,Unknown,10
1101474458,FB4P_a,10
1195999722,FC2B,10
1237179690,Unknown,10
1753535481,Unknown,10
2159714246,Unknown,10
5812980103,SIP061,10
5813009358,SMP060,10
5813040712,SMP512,10
5813068769,CRE004,10
267214250,pC1b,9
296203324,SMP363,9
297563139,SMP515,9
298266903,SMP408_d,9
328010530,SMP454,9
356878521,CL160,9
360268385,SLP433,9
360690414,SMP162,9
361312808,SMP503,9
361825416,Unknown,9
456847092,Unknown,9
514474716,Unknown,9
516283789,SMP589,9
550319575,pC1c,9
608377992,Unknown,9
610338229,Unknown,9
636594376,SMP200,9
643393688,IB018,9
645086558,CL251,9
670020922,SMP331,9
703866010,SMP143,9
737189212,SMP596,9
795187525,SMP266,9
825618641,Unknown,9
881220948,FC2B,9
885253534,FC2C,9
885262090,FC2C,9
893741163,FB4P_a,9
946308462,FS1A,9
947858895,LHPD2c6,9
982389963,LAL066,9
1011970102,SMP578,9
1044805646,FS1B,9
1076185604,FC2C,9
1102804327,FS1A,9
1202677966,Unknown,9
1316245799,M_spPN4t9,9
2002830391,Unknown,9
2004198088,Unknown,9
2004544173,Unknown,9
5813011165,Unknown,9
5813016625,Unknown,9
5813041161,SMP311,9
5813056944,SMP160,9
5813078641,PLP162,9
5813098223,CRE035,9
5813124939,Unknown,9
297917459,SLP388,8
297930068,Unknown,8
297947227,SMP286,8
298262663,SMP553,8
391016873,Unknown,8
421815053,Unknown,8
455578166,Unknown,8
484130600,SMP145,8
511772101,Unknown,8
514474879,Unknown,8
517838657,SIP036,8
544038123,mALD1,8
579946370,SMP009,8
607700797,Unknown,8
610321430,SMP360,8
611343891,SMP366,8
640665331,FB5Q,8
642387775,SIP023,8
675166212,PAL03,8
703866312,Unknown,8
705463539,FB5F,8
705471952,SIP022,8
732777416,SMP321,8
758674661,ATL003,8
763086729,LAL032,8
764148834,SMP325,8
765245188,SMP546,8
794466376,IB049,8
828316115,Unknown,8
887921032,CRE016,8
1008085163,Unknown,8
1039754434,FS1B,8
1130783454,PS202,8
1135898324,FS1B,8
1175433492,SMP474,8
1407398468,IB087,8
1512034076,IB073,8
1629383757,Unknown,8
5812980916,LAL044,8
5812983831,AVLP562,8
5813020996,SMP384,8
5813057245,VES008,8
5901192948,CRE001,8
296199021,SMP361,7
297929902,Unknown,7
329301513,SLP411,7
358264919,SMP239,7
390473497,Unknown,7
421405157,SMP400,7
480258208,LHPV8a1,7
484368420,SLP461,7
514807275,FB5G,7
542410481,SMP496,7
545535468,Unknown,7
548712377,SMP384,7
549161688,SLP451,7
573402255,SMP341,7
575988538,Unknown,7
581746661,SMP048,7
581754996,Unknown,7
607273339,SMP427,7
613835914,Unknown,7
614172073,Unknown,7
614175857,Unknown,7
644113913,SMP139,7
645111897,VES061,7
671751354,Unknown,7
672092798,Unknown,7
698443880,Unknown,7
701733434,SMP039,7
704785546,SIP061,7
705234668,Unknown,7
705921032,Unknown,7
706451920,SIP045,7
762058745,LAL032,7
790982851,LHPD2c6,7
795546494,SMP463,7
797281464,Unknown,7
854883067,CRE014,7
855638407,SMP547,7
862722715,Unknown,7
926490072,FB5V,7
947862945,LHPD2a6,7
978681977,FC2C,7
1007260806,CL301,7
1050581215,CRE045,7
1072779298,FC2C,7
1224591253,FB3E,7
1260542968,LC33a,7
1345596879,PS214,7
1480982992,Unknown,7
1481340761,LAL069,7
1733370882,M_spPN5t10,7
1791996293,Unknown,7
2187680237,Unknown,7
2223144438,Unknown,7
5812982711,LAL023,7
5813021238,SMP374,7
5813041169,SMP009,7
5813061260,OA-VPM3,7
5813062858,FB1H,7
5813066983,Unknown,7
5813096198,SMP018_b,7
296535619,SMP364,6
297917364,SMP408_d,6
298262442,Unknown,6
298262599,SMP559,6
298603633,SMP559,6
328278449,SMP406,6
361114148,SMP553,6
362719326,SMP464,6
387952104,LHPV10a1,6
420010739,SMP356,6
480029788,LPN,6
480681197,SMP427,6
486876782,SMP124,6
543433461,SMP363,6
545289059,Unknown,6
545967081,Unknown,6
548678665,Unknown,6
607929192,SMP514,6
607955261,SMP520,6
612371421,MBON01,6
639659397,SMP316_b,6
642723975,mALB2,6
642732835,MBON32,6
666575508,SMP382,6
670703141,SMP423,6
674427795,SMP328,6
674545602,Unknown,6
702069970,SMP019,6
705787638,CRE103,6
707303341,Unknown,6
707858790,aIPg1,6
764144161,SMP324,6
799263200,CRE043_d,6
800373114,AVLP477,6
851114700,ATL044,6
894362173,LAL004,6
922992588,SMP578,6
958197533,LAL042,6
980978890,CRE061,6
1010437434,FC2C,6
1013416147,CRE100,6
1037612992,CL301,6
1071121755,FB6W,6
1100085251,IB057,6
1139909038,DNa03,6
1158402729,PS163,6
1161459105,IB022,6
1167235473,FS3,6
1455438367,SMP474,6
1850387882,Unknown,6
5812980109,SMP568_b,6
5812980529,SLP212,6
5812982994,AVLP496,6
5813008934,SLP422,6
5813010212,SMP565,6
5813020676,SMP182,6
5813021005,SMP507,6
5813022257,CL303,6
5813024933,Unknown,6
5813055298,VES001,6
5813055769,SLP212,6
5813057973,SMP388,6
5813058350,AVLP496,6
5813060701,FB5AA,6
5813082239,VES005,6
5813087620,SMP575,6
5813097634,AVLP496,6
5813098975,aIPg3,6
5813134082,Unknown,6
297929807,Unknown,5
297934349,SMP408_d,5
298258611,SLP388,5
298266783,Unknown,5
298607673,Unknown,5
331343089,SMP405,5
357581846,SMP363,5
359931311,SLP212,5
360591860,SLP279,5
360677632,SMP251,5
390352384,SMP027,5
418607079,AVLP590,5
418607328,SMP433,5
420351828,Unknown,5
422751191,SMP177,5
452552124,Unknown,5
480387478,SMP403,5
480987689,SMP320,5
481371769,SMP366,5
486842208,FB5C,5
509924185,SMP245,5
514068564,LHPD5a1,5
514842241,SMP253,5
518930199,MBON35,5
519694628,SMP333,5
546303574,Unknown,5
547318128,Unknown,5
576324665,Unknown,5
576475847,SMP248,5
581336531,SMP075,5
581358486,Unknown,5
581790318,SMP507,5
606461310,LHAD1b2_a,5
607933758,FB5Q,5
608602824,SMP317,5
638152829,SLP246,5
638394209,SMP362,5
639655378,SMP328,5
643060819,SMP020,5
644450565,CRE005,5
673772244,Unknown,5
675144908,CRE028,5
675187531,SMP141,5
675577227,Unknown,5
676479217,AVLP015,5
704466265,MBON12,5
704552421,SMP037,5
704816317,Unknown,5
706279799,Unknown,5
707854620,SMP557,5
707863263,aIPg1,5
728974338,LHPV5g1_a,5
735941254,SMP142,5
758977730,SMP382,5
763186493,Unknown,5
765271846,Unknown,5
766385551,SMP569,5
769263962,AVLP477,5
792175182,Unknown,5
800238269,CRE062,5
821418392,LAL147,5
821686394,VES012,5
826659627,FS1B,5
851110676,LAL148,5
861065482,SMP138,5
863698974,LAL155,5
887230673,CRE016,5
892398461,CRE014,5
915188031,IB016,5
920869856,PLP161,5
925077617,Unknown,5
945928585,Unknown,5
946619892,Unknown,5
947681574,FC2C,5
1008693605,FC2C,5
1042724993,CL212,5
1049261193,CRE106,5
1072533980,FS3,5
1133562752,FS1B,5
1143807196,Unknown,5
1168915489,LAL016,5
1200014419,LAL076,5
1284312505,IB072,5
1388223120,LAL069,5
1410516394,IB078,5
1418920942,Unknown,5
1543949467,AVLP473,5
1600489166,LAL160,5
1669255212,LAL161,5
1696897255,Unknown,5
1820005073,LAL082,5
1822686129,Unknown,5
2034550982,Unknown,5
2066946900,Unknown,5
2187675035,Unknown,5
5812980470,SMP245,5
5812980473,CL008,5
5812982936,Unknown,5
5812993667,Unknown,5
5813020855,SMP328,5
5813021192,LNd,5
5813022192,Unknown,5
5813048229,CL171,5
5813049946,PLP124,5
5813056062,Unknown,5
5813060068,PPM1205,5
5813061901,Unknown,5
5813065519,CL249,5
5813094560,IB084,5
5813103626,FC2C,5
5813129481,Unknown,5
5901213440,CRE011,5
296885362,SMP126,4
298258513,SMP108,4
298258530,Unknown,4
298944444,FB6U,4
298944479,SMP408_d,4
299289811,SMP146,4
328265389,SMP082,4
328611654,SMP406,4
330319983,CRE083,4
361341837,CRE083,4
361445621,SMP108,4
361722354,SMP081,4
389311717,SMP188,4
418969956,CL196,4
420586101,SMP249,4
422742649,FB6X,4
447599745,SMP527,4
455229034,SMP549,4
479908320,CL010,4
481035392,CL175,4
487541595,SMP411,4
487882906,Unknown,4
510278853,SMP210,4
511660697,CL019_a,4
516844782,SIP071,4
518558825,CRE107,4
518580489,Unknown,4
540972196,SMP210,4
547552266,MBON33,4
547565159,SMP409,4
549282467,SMP593,4
550638250,SMP002,4
577554935,SMP145,4
578556621,SIP035,4
579194975,SMP510,4
603167111,PS166,4
606703149,SMP185,4
609660480,Unknown,4
609993550,SMP092,4
610981555,SIP069,4
610981584,CRE003_a,4
611361058,Unknown,4
612755343,CRE023,4
635674180,Unknown,4
635878327,SMP380,4
641709401,Unknown,4
642504699,LHPV5e3,4
669978138,SMP018_b,4
671130857,Unknown,4
673513680,Unknown,4
674096140,LHPD2c2,4
674890909,Unknown,4
675447609,SMP020,4
675767414,CRE078,4
699358695,CL030,4
700335140,SMP490,4
702079023,SMP282,4
703520999,SMP590,4
705575832,Unknown,4
705795727,CRE094,4
705816818,SMP213,4
707854989,aIPg1,4
708187441,SIP024,4
729698667,SMP325,4
731062953,SMP330,4
733796382,SMP282,4
733834095,Unknown,4
734327429,SMP325,4
734473582,SMP019,4
737892940,Unknown,4
739256609,CL029,4
768590452,aIPg3,4
792062042,SMP381,4
793590678,Unknown,4
794967711,CRE091,4
801257348,CL029,4
822505389,CL211,4
824275830,Unknown,4
825518758,Unknown,4
827526960,Unknown,4
831291329,SMP477,4
855147657,CL123,4
861583205,AOTU030,4
887588829,SMP558,4
893754136,Unknown,4
913681721,LHPV3a1,4
914298735,IB024,4
915520244,CL336,4
947003647,FS3,4
947681334,FS3,4
952166744,Unknown,4
977339122,FB5L,4
1008966615,CL300,4
1013779115,FC1C,4
1036257907,IB087,4
1042116109,FS3,4
1099389583,IB053,4
1132168736,FC2A,4
1170645699,LAL071,4
1193599901,VES075,4
1200619473,CL337,4
1204063702,AVLP495,4
1261129711,FS3,4
1285343852,Unknown,4
1320480289,FC2A,4
1325405571,LC33b,4
1450016008,AVLP562,4
1570922129,vpoEN,4
1632055020,LAL025,4
1882009576,aIPg2,4
1916485259,v2LN37,4
2002147259,Unknown,4
2092873489,Unknown,4
2096272398,Unknown,4
2217669773,Unknown,4
2313853267,Unknown,4
5812982052,SMP358,4
5812992893,CL212,4
5812994710,Unknown,4
5813010279,Unknown,4
5813013202,LHAD1b2_a,4
5813015068,SMP561,4
5813038579,AVLP530,4
5813041610,FC2C,4
5813054079,CRE039,4
5813055999,FC2A,4
5813056057,SMP122,4
5813057481,SMP574,4
5813058320,CRE005,4
5813067732,AVLP470,4
5813068484,aIPg4,4
5813078571,LAL134,4
5813080768,SMP544,4
5813081849,SMP324,4
5813105778,LAL100,4
5813126031,VES003,4
5901196628,SMP315,4
266187559,SLP399,3
267551639,pC1c,3
296203440,SMP340,3
297230760,5-HTPMPD01,3
297908595,FB5G,3
298262488,Unknown,3
298262498,Unknown,3
298603693,SMP406,3
298957166,SMP078,3
325743813,LHPD2c3,3
326474963,SLP392,3
327933061,SMP406,3
330415332,SMP513,3
330678844,SMP081,3
357573154,SLP398,3
360474485,Unknown,3
361364000,FB7E,3
361376643,CRE025,3
388280249,CL194,3
389808550,Unknown,3
391971839,SLP328,3
420351087,SMP401,3
424434994,SIP064,3
424452682,SMP133,3
424918786,PPL107,3
425471220,LHAD1b6_a,3
451995306,SLP330,3
454477603,SMP089,3
454787848,CRE082,3
456506289,Unknown,3
481070027,SMP513,3
481394217,Unknown,3
484821546,SMP586,3
485934965,oviIN,3
487925063,MBON04,3
510049477,SMP541,3
516288120,Unknown,3
541011631,SMP326,3
541697718,5-HTPMPV01,3
545626238,Unknown,3
545966857,Unknown,3
546303917,Unknown,3
548712900,Unknown,3
548937579,SMP265,3
550301858,Unknown,3
551751981,CRE005,3
571666434,LHPD2a1,3
576502536,LHPD2c7,3
578725249,Unknown,3
579230376,SMP031,3
579234980,LHPD2c7,3
579268807,FB1C,3
580071186,Unknown,3
580680652,Unknown,3
581004609,SMP458,3
581409749,SMP093,3
608278754,SMP246,3
610666582,SMP410,3
611016455,Unknown,3
611361002,SMP248,3
611365952,Unknown,3
611693656,SMP164,3
612336669,AVLP493,3
612742165,CRE029_b,3
612742316,CRE036,3
613040803,CRE049,3
637621553,SMP332,3
639063702,Unknown,3
640691209,SMP069,3
642763119,Unknown,3
644538274,Unknown,3
669965108,CRE076,3
670089878,Unknown,3
670883838,SMP316_a,3
671035328,SMP245,3
671234167,SMP275,3
671462984,Unknown,3
672407642,SMP039,3
673181026,Unknown,3
673405506,SMP377,3
674886247,Unknown,3
675153151,PLP245,3
695500178,LHPD2a7,3
697265869,SMP581,3
699363923,SMP158,3
700037217,SMP413,3
700658962,Unknown,3
702843625,Unknown,3
704116248,LAL032,3
704548262,Unknown,3
704785256,SMP377,3
705243748,Unknown,3
708208811,CL030,3
732059827,FS1B,3
734132592,SMP323,3
734599550,CRE076,3
736265297,Unknown,3
736619385,Unknown,3
738246510,Unknown,3
758955666,CL162,3
761843188,SMP393,3
762745906,SMP270,3
763807876,Unknown,3
769199010,LHAD1b2_a,3
769924974,CRE086,3
789398359,SMP543,3
793797279,SMP475,3
794462286,CRE003_b,3
794945765,FS1B,3
796543393,Unknown,3
796992363,Unknown,3
797644437,Unknown,3
821729208,CL168,3
824349873,LHAD1b2_a,3
825821898,Unknown,3
827673856,SMP477,3
828627440,Unknown,3
853514696,CL344,3
859736554,Unknown,3
860395984,Unknown,3
861665641,MBON12,3
862010850,LAL030_a,3
862278897,AOTU061,3
884123412,SMP280,3
890197225,Unknown,3
915503330,PLP032,3
915627746,Unknown,3
919168397,AVLP428,3
947573616,AVLP016,3
954705691,AOTU062,3
977413163,IB016,3
984833702,Unknown,3
1005952640,IB058,3
1008369339,FS1B,3
1010235132,AVLP495,3
1011482740,Unknown,3
1013040388,CL123,3
1068436695,IB079,3
1070103331,FC2A,3
1070651567,PLP162,3
1073314797,AVLP496,3
1075598224,FS1B,3
1104790425,AVLP497,3
1107561814,LAL142,3
1132406255,VES065,3
1133839128,FS3,3
1199327859,FC2A,3
1201659335,LAL071,3
1284265487,Unknown,3
1351065769,FC2A,3
1448929584,Unknown,3
1534270924,VES041,3
1605181883,LAL008,3
1811492235,Unknown,3
1974181774,Unknown,3
2096283582,Unknown,3
2123541376,Unknown,3
2283166650,Unknown,3
2284186501,Unknown,3
2343864445,Unknown,3
5812981506,SMP320,3
5812986798,FS3,3
5813010265,Unknown,3
5813010748,SMP354,3
5813010843,Unknown,3
5813011133,SMP591,3
5813015327,Unknown,3
5813020840,SMP503,3
5813021566,SMP587,3
5813022182,Unknown,3
5813032485,Unknown,3
5813033443,SMP591,3
5813050455,DNp32,3
5813055535,SMP576,3
5813062686,Unknown,3
5813063137,SMP577,3
5813077569,Unknown,3
5813087953,Unknown,3
5813094598,Unknown,3
5813097926,SMP265,3
5813108129,SMP358,3
5901212906,Unknown,3
5901232053,SMP272,3
7112622044,LAL137,3
234630133,SMP184,2
263674097,LHPD2a5_a,2
267564140,SLP428,2
297925487,Unknown,2
297925526,Unknown,2
298258354,SMP406,2
298258399,SMP577,2
298262357,Unknown,2
298262408,Unknown,2
298266660,Unknown,2
298599269,Unknown,2
299290105,SMP291,2
324725187,SMP248,2
326888675,SMP347,2
327881747,SLP421,2
327937506,Unknown,2
328935472,SMP147,2
329970706,SMP186,2
359317340,SMP408_c,2
361031397,Unknown,2
387939094,CL196,2
388293131,SMP464,2
390330983,SMP046,2
390590450,SMP531,2
393499533,SMP548,2
417908800,SMP320,2
419345606,SMP202,2
420688241,SMP131,2
420696828,SMP411,2
422419397,Unknown,2
424792976,SMP133,2
447872055,PLP246,2
449288517,SMP533,2
449685778,SMP403,2
451365099,SMP371,2
451485030,Unknown,2
452771913,Unknown,2
452883920,Unknown,2
455155337,SMP152,2
456187010,LHAD1b1_b,2
478591447,CL129,2
479260891,SMP595,2
481191030,Unknown,2
481295335,SIP059,2
481406868,SMP404,2
482417237,SLP129_c,2
484134987,SLP400,2
485589846,SMP157,2
487187476,SIP087,2
487286529,Unknown,2
510680365,SMP444,2
514833145,SMP591,2
516965856,SMP124,2
517910959,SMP117_b,2
518598175,SLP329,2
518861029,SIP071,2
543062097,CL356,2
543092817,SMP342,2
543135607,CL165,2
543821838,PAL03,2
544706811,SMP246,2
545971196,Unknown,2
546217818,SMP579,2
546661881,SMP133,2
547227734,SMP590,2
547258283,CL160,2
547331291,Unknown,2
547344214,Unknown,2
548993536,SMP473,2
549364902,Unknown,2
549722579,CRE040,2
550063806,Unknown,2
550081317,Unknown,2
550275952,SMP115,2
550297695,SMP415,2
550426732,CRE107,2
550617370,SMP247,2
550621853,CRE018,2
550962648,AVLP032,2
551989415,LHAD1b1_b,2
573289993,Unknown,2
575768294,SMP159,2
576566287,SMP008,2
578621125,SMP470,2
579912201,LHCENT5,2
580300616,SMP150,2
580736843,Unknown,2
581064707,Unknown,2
581099105,SMP178,2
582027783,CRE044,2
582381054,SMP063,2
603482385,SMP528,2
604070433,SMP029,2
604864392,SMP251,2
605554875,SMP495,2
605999323,Unknown,2
606193500,CL196,2
607251100,SMP358,2
607925257,SMP057,2
608926849,Unknown,2
609591891,SIP011,2
609591989,SIP010,2
609893831,SMP043,2
610113424,SMP504,2
613083298,CRE030_a,2
613744224,Unknown,2
636344136,SMP403,2
637008792,SMP521,2
639655157,SMP008,2
640755994,Unknown,2
640963528,SIP018,2
642024743,SMP173,2
642715875,SMP018_a,2
643329030,SIP069,2
643393020,SMP329,2
643401816,SMP055,2
643743142,Unknown,2
643773259,CRE034,2
644071614,Unknown,2
666200256,CL025,2
666994301,PFL3,2
668967527,CRE040,2
669990380,Unknown,2
671345931,FS3,2
672697926,SMP568_a,2
673158826,Unknown,2
673426911,SMP207,2
674069555,SIP073,2
674423996,SIP061,2
674541239,Unknown,2
674554589,Unknown,2
675127699,CRE045,2
675442851,Unknown,2
675490204,PLP245,2
675568335,Unknown,2
675822802,CRE007,2
676479156,aIPg2,2
697269889,SMP380,2
697939194,SMP491,2
698996246,SMP413,2
699178922,LHPD2a2,2
700377995,SMP332,2
700683875,FS1B,2
701371011,SMP370,2
702079135,SMP282,2
702389193,FS3,2
702843399,Unknown,2
702847835,Unknown,2
702882168,Unknown,2
703520780,Unknown,2
703779386,SMP330,2
703857634,Unknown,2
703857647,Unknown,2
705225742,Unknown,2
705230543,Unknown,2
705579678,Unknown,2
706520453,SMP054,2
706952287,Unknown,2
707626940,Unknown,2
728625156,LHPV5g1_a,2
729007988,CL006,2
730721558,SMP331,2
734754585,SMP568_a,2
736174181,CRE006,2
736791573,SMP382,2
737231959,Unknown,2
737491049,SIP073,2
737491087,SMP377,2
738656719,Unknown,2
739572008,CRE039,2
757538997,AOTU044,2
758990648,SMP369,2
759667315,SMP381,2
760323253,SMP279_c,2
760358472,SMP017,2
761096077,Unknown,2
762534597,Unknown,2
766958676,Unknown,2
767317461,Unknown,2
767455273,CL144,2
767904550,CRE021,2
767995425,Unknown,2
769022355,SMP040,2
769355285,CRE085,2
769937253,Unknown,2
791427589,SMP396,2
793892682,Unknown,2
796889169,Unknown,2
797545148,Unknown,2
800212976,AOTU022,2
800622401,PAM13,2
801283077,LAL030_a,2
822376419,SMP414,2
823058891,CL109,2
823209397,Unknown,2
823852745,SMP468,2
824457714,SMP380,2
825182392,Unknown,2
827889523,CRE009,2
827911067,CRE093,2
828282250,Unknown,2
829020447,Unknown,2
832111288,Unknown,2
850181951,FS1B,2
854953009,Unknown,2
855493136,SMP381,2
858907062,Unknown,2
861251942,LAL130,2
863504548,Unknown,2
884320493,Unknown,2
886328403,SMP316,2
889863729,AVLP593,2
892376440,SMP446,2
895091952,CRE086,2
914778159,CL112,2
914850280,CL168,2
915960293,FB6V,2
916456567,AVLP495,2
916637896,FS3,2
920652764,Unknown,2
923761285,CRE106,2
945354221,IB022,2
946274518,Unknown,2
947754897,Unknown,2
947898091,SMP282,2
948648575,Unknown,2
951645198,CL344,2
952158884,Unknown,2
977002560,FS1B,2
978068779,Unknown,2
979001183,Unknown,2
980982986,CRE061,2
981000564,DNp42,2
982070626,FS1B,2
983750516,Unknown,2
1008102479,Unknown,2
1008970563,CL301,2
1010044978,FS3,2
1013113953,Unknown,2
1013757060,PLP042_b,2
1015143077,CRE024,2
1015479949,CRE003_a,2
1017547830,CRE081,2
1018009357,Unknown,2
1036503560,LHPV3a1,2
1036637830,LAL150,2
1041075688,FS3,2
1042366365,SMP569,2
1044796706,Unknown,2
1045513736,Unknown,2
1048609058,Unknown,2
1051980223,FB4F_a,2
1066516552,PLP042_b,2
1069002537,LAL009,2
1071519343,Unknown,2
1072455791,FS4C,2
1072503099,FC1E,2
1072779568,FS3,2
1072874511,FS3,2
1076198559,FC1C,2
1099043553,VES054,2
1107566171,FC1C,2
1109651526,Unknown,2
1111757266,LAL155,2
1112436285,Unknown,2
1140923511,VES009,2
1141713514,Unknown,2
1162944117,Unknown,2
1170352367,LAL008,2
1193258702,Unknown,2
1292083252,FC1C,2
1300276335,LAL159,2
1317074822,Unknown,2
1325133618,LAL045,2
1343891368,FS1B,2
1353043462,OA-VUMa1,2
1361668991,Unknown,2
1387868622,LAL068,2
1406362611,Unknown,2
1406703818,Unknown,2
1407783264,IB080,2
1408828544,Unknown,2
1418572258,LAL066,2
1449611593,LAL070,2
1471497788,Unknown,2
1480653743,LAL121,2
1502532423,Unknown,2
1502567833,Unknown,2
1514775604,Unknown,2
1533239844,Unknown,2
1564628545,Unknown,2
1625978349,Unknown,2
1638897627,Unknown,2
1688039474,Unknown,2
1692782686,AOTU062,2
1716082078,Unknown,2
1719746297,Unknown,2
1721857844,Unknown,2
1748071079,Unknown,2
1748666238,PS143,2
1753527805,Unknown,2
1757612027,AOTU042,2
1784876854,Unknown,2
1786273098,Unknown,2
1811163357,PS165,2
1815934776,Unknown,2
1816611349,Unknown,2
1817998046,Unknown,2
1819698673,Unknown,2
1844249219,Unknown,2
1848000962,Unknown,2
1875284107,VES042,2
1878354046,Unknown,2
1933892078,SAD010,2
1937003721,Unknown,2
1942806972,LAL173,2
1967353179,Unknown,2
2002838841,Unknown,2
2033872849,Unknown,2
2035229272,Unknown,2
2036244317,Unknown,2
2066950172,Unknown,2
2123883176,Unknown,2
2158682340,Unknown,2
2192453806,Unknown,2
2216261919,LAL056,2
2219046487,Unknown,2
2250754651,Unknown,2
2282480586,Unknown,2
2285209141,Unknown,2
2316252268,Unknown,2
2343523062,Unknown,2
2347274239,Unknown,2
2373885250,Unknown,2
2377972598,Unknown,2
5812979948,SIP063,2
5812980494,CL009,2
5812980710,Unknown,2
5812981016,SMP421,2
5812982984,Unknown,2
5812986121,Unknown,2
5812989861,FC1C,2
5813009766,SIP039,2
5813011166,Unknown,2
5813011298,SMP010,2
5813011512,SMP590,2
5813011660,aMe24,2
5813014391,SMP110,2
5813014777,FS3,2
5813015124,Unknown,2
5813020817,SMP190,2
5813021223,SLP129_b,2
5813021225,SMP320,2
5813021235,SIP065,2
5813022339,SMP394,2
5813022429,Unknown,2
5813022915,CRE084,2
5813022976,CL265,2
5813026589,SMP082,2
5813026661,SMP079,2
5813026785,SMP458,2
5813035694,aIPg2,2
5813040000,FS3,2
5813041177,Unknown,2
5813041304,LAL003,2
5813041525,PLP046_b,2
5813041684,FS1B,2
5813049481,Unknown,2
5813050772,PLP032,2
5813052205,LHAD1b2_c,2
5813053669,SMP016_a,2
5813055768,SMP025,2
5813055817,PAL01,2
5813056054,SMP050,2
5813056101,SMP381,2
5813057162,SMP081,2
5813057861,SMP456,2
5813057864,vpoDN,2
5813058258,AVLP473,2
5813058272,SIP024,2
5813061114,ATL037,2
5813063093,CL286,2
5813065004,FB4F_a,2
5813068748,LT42,2
5813068773,Unknown,2
5813075692,SMP390,2
5813075932,SLP402,2
5813076392,PLP187,2
5813088784,IB063,2
5813089157,SMP154,2
5813097020,LAL060,2
5813117385,MBON27,2
5813123585,CRE010,2
5901195945,SMP121,2
5901203310,Unknown,2
5901213624,SMP405,2
5901227238,Unknown,2
6400000773,SMP411,2
266187480,SMP349,1
267223104,SMP025,1
267896360,SMP347,1
296535655,SMP365,1
296855409,FB8I,1
297584869,SMP035,1
297588995,SMP296,1
297917277,Unknown,1
297917363,SMP084,1
297917475,SMP250,1
297925628,Unknown,1
297938585,SMP285,1
298254474,SMP408_b,1
298254517,SMP082,1
298258737,Unknown,1
298267069,Unknown,1
298599271,SMP026,1
298599664,Unknown,1
298612190,SLP391,1
298927362,SMP408_a,1
298952944,Unknown,1
299617529,SMP336,1
324721026,SMP248,1
326253554,SMP454,1
326879917,SLP398,1
326888609,SLP400,1
327588074,Unknown,1
327588446,SMP162,1
327933008,LHPD5b1,1
327933027,SMP168,1
328533761,PPL201,1
329225149,LHCENT10,1
329301762,SMP408_c,1
329638509,FB7E,1
329646990,SMP568_d,1
329988112,SMP399,1
357250238,SMP452,1
357599074,Unknown,1
360138182,Unknown,1
360349882,SMP193,1
360773196,SMP109,1
361005850,SMP199,1
361363973,Unknown,1
361700674,SIP075,1
386833850,SMP529,1
388267095,SMP359_b,1
390003153,SMP354,1
391497219,Unknown,1
393776005,SMP085,1
394095053,SMP133,1
417558532,SMP421,1
418175238,SIP060,1
418970154,CL185,1
420325753,SMP387,1
421055181,SMP231,1
423213589,Unknown,1
423749262,CRE083,1
423792217,SMP121,1
424250610,Unknown,1
424443911,SMP353,1
424793122,SMP504,1
425104178,CRE050,1
425143700,SMP097_a,1
425148091,SMP085,1
448869118,LHPD2a2,1
449205588,LHPD2a4_b,1
449244969,SLP412,1
449296930,SMP427,1
451062462,SMP592,1
451390676,SMP494,1
451722668,Unknown,1
451995734,LHAD1b6_b,1
452340995,SMP283,1
453108601,SMP035,1
453457927,SMP216,1
453527730,SMP161,1
453536107,Unknown,1
454481372,CL165,1
454822542,SMP591,1
455159380,PAM01_b,1
456523994,SMP165,1
456847100,SLP130,1
480328501,SMP427,1
481359062,SMP425,1
481390070,SMP355,1
481731074,SLP399,1
482732443,LHAV6c1,1
483017681,LHAD1b2_b,1
483720758,SMP256,1
484147730,Unknown,1
484829654,SMP085,1
484890037,SMP162,1
484942773,Unknown,1
485249150,SMP175,1
485511772,PAL01,1
485745069,SLP442,1
486255488,Unknown,1
487212916,SMP591,1
487623337,Unknown,1
487882168,Unknown,1
487899426,SMP193,1
487968933,AVLP032,1
488231898,SMP037,1
509928946,SIP038,1
511685969,PLP210,1
512014262,SMP320,1
514116545,SMP412,1
514475106,SMP371,1
514708179,CL244,1
515092013,SMP022,1
515152792,ATL024,1
515524209,Unknown,1
515947324,SMP255,1
516287961,Unknown,1
516806504,SLP213,1
517578770,SMP098_a,1
517587356,SAG,1
517872280,SMP114,1
517915796,Unknown,1
517916020,Unknown,1
518269350,Unknown,1
518670779,MBON33,1
519046655,FB1H,1
519354028,Unknown,1
542699260,CL020,1
543412036,CL018,1
544265891,SMP404,1
544265926,SMP271,1
544611593,SMP404,1
544620289,SMP249,1
544948071,Unknown,1
545293653,Unknown,1
545444996,SMP038,1
545621581,Unknown,1
545625900,Unknown,1
545903200,SMP090,1
545906392,Unknown,1
545962610,Unknown,1
545962750,Unknown,1
546080131,SIP055,1
546303624,Unknown,1
546316427,SMP133,1
546559025,Unknown,1
546661879,SMP131,1
547551580,CL020,1
547659321,Unknown,1
547672057,Unknown,1
547927681,SMP501,1
548049064,Unknown,1
548225503,CL018,1
548570973,CRE013,1
548949855,Unknown,1
548963433,Unknown,1
549347735,SMP092,1
549364820,Unknown,1
549394502,Unknown,1
550081666,SMP114,1
550322829,SMP602,1
550400302,Unknown,1
550422109,Unknown,1
550655668,oviDNa,1
550745787,Unknown,1
550750102,SMP053,1
551303686,SMP118,1
551337690,SMP101,1
573337611,LHPD2a1,1
574040939,LHAD1b2_c,1
574736017,CL287,1
574965048,aMe24,1
575323308,Unknown,1
576566621,SMP472,1
577002771,SMP067,1
577205270,SIP003_a,1
577244511,SMP044,1
577702398,Unknown,1
577709776,SMP541,1
578008551,Unknown,1
578284233,SMP583,1
578642656,Unknown,1
578919867,SMP023,1
579239039,SMP023,1
579425252,Unknown,1
580287695,SIP035,1
580288167,SIP075,1
580662960,SMP092,1
580732377,SMP093,1
580780309,SMP118,1
581013183,aSP-f2,1
581336621,Unknown,1
581414714,Unknown,1
581432310,Unknown,1
581436615,Unknown,1
581440626,Unknown,1
581652283,SLP129_c,1
581755530,Unknown,1
581755794,Unknown,1
581962275,SMP510,1
602071049,SMP468,1
604289581,SMP376,1
604864322,SMP415,1
604976663,Unknown,1
605166418,SMP552,1
605550395,SMP321,1
605654689,Unknown,1
606103219,Unknown,1
606340818,SMP403,1
607221569,SIP003_b,1
607938091,SMP581,1
608283432,SMP129,1
609513630,SLP245,1
609591880,SIP010,1
609975449,SMP018_c,1
609992451,Unknown,1
610018976,Unknown,1
610329293,Unknown,1
610351307,SMP089,1
610722297,Unknown,1
611029037,SMP069,1
611089775,MBON35,1
611728142,Unknown,1
611810783,Unknown,1
612307129,SMP110,1
612742229,CRE028,1
612742298,CRE036,1
612746670,CRE026,1
612777140,Unknown,1
613044611,SMP075,1
613066879,SMP113,1
613083317,CRE039,1
613175370,Unknown,1
614413183,SMP574,1
635541640,Unknown,1
636236092,Unknown,1
636667489,SMP482,1
637393228,SMP491,1
637475264,SLP356,1
637730365,Unknown,1
638985608,SMP365,1
639275368,LHPD5f1,1
639327084,SMP275,1
639405054,Unknown,1
639650941,SMP329,1
640276971,SMP022,1
640596169,SMP419,1
641688553,CRE042,1
642041782,Unknown,1
642651049,SIP074,1
642715563,SMP018_b,1
643039876,Unknown,1
643052767,SMP248,1
643160749,Unknown,1
643475630,Unknown,1
643721915,SMP248,1
643739027,CRE052,1
643794320,CRE029_a,1
643864734,Unknown,1
644079767,Unknown,1
644083764,Unknown,1
644148661,CRE036,1
644153089,CRE039,1
644412509,Unknown,1
644425543,SMP055,1
644788121,LAL007,1
644862119,Unknown,1
665479890,ATL001,1
667271225,SMP428,1
667413225,Unknown,1
668384542,Unknown,1
669088684,SMP204,1
669421910,SMP392,1
669649736,SMP270,1
670115770,Unknown,1
670353202,IB050,1
670362225,Unknown,1
670370149,SMP267,1
670785345,Unknown,1
671657343,CRE088,1
671660941,SMP568_a,1
672041363,SMP326,1
672490308,Unknown,1
672494647,Unknown,1
672494995,Unknown,1
672723441,SMP377,1
672835284,Unknown,1
673068602,SMP045,1
673189141,Unknown,1
673509195,MBON01,1
673841414,Unknown,1
673845326,Unknown,1
674196015,Unknown,1
674882237,Unknown,1
674886219,Unknown,1
674886426,Unknown,1
675245573,Unknown,1
675528661,CRE024,1
675800740,Unknown,1
675800901,LHPD2a7,1
675913699,Unknown,1
676133767,LAL030_a,1
676138357,LHPD2a7,1
676824431,SMP493,1
696617609,SMP461,1
697316795,ATL029,1
698772143,Unknown,1
699463239,Unknown,1
699695617,SMP331,1
699998408,SMP016_a,1
700481649,Unknown,1
700982749,LHPV5g1_b,1
701147064,Unknown,1
701383309,SMP144,1
701469455,Unknown,1
701815778,Unknown,1
702199343,CRE089,1
702493502,CL029,1
702506641,IB018,1
702730227,SMP270,1
702760612,Unknown,1
702847749,Unknown,1
703059097,CRE018,1
703179848,SMP148,1
703188128,Unknown,1
703193246,Unknown,1
703387200,SIP014,1
704111734,SMP019,1
704129001,Unknown,1
704548608,SMP391,1
704785058,SMP008,1
705463175,CRE094,1
706176085,Unknown,1
706274906,Unknown,1
706283812,Unknown,1
706473389,SMP020,1
706590422,Unknown,1
706819341,PAM13,1
706948318,MBON31,1
707190771,Unknown,1
707627039,Unknown,1
725701350,LHPV10d1,1
728667734,SMP279_a,1
730001920,SIP055,1
730104740,Unknown,1
730118077,Unknown,1
730147829,Unknown,1
730147972,Unknown,1
730148003,Unknown,1
730843612,Unknown,1
731145160,SMP201,1
731494823,Unknown,1
731688775,SIP001,1
731689147,SMP211,1
732077752,PLP216,1
732163357,SMP492,1
732885054,Unknown,1
733100946,Unknown,1
733192083,CL157,1
733204605,Unknown,1
733399215,CRE089,1
733873838,Unknown,1
734408687,CRE091,1
734491001,SMP592,1
734551239,Unknown,1
734814622,Unknown,1
736502411,Unknown,1
736830579,CRE008,1
737646604,Unknown,1
737824168,AOTU028,1
759681018,SMP016_b,1
760021137,SMP016_b,1
760268555,LHPD2a9,1
760729207,SMP281,1
760821030,Unknown,1
760828908,Unknown,1
761182838,Unknown,1
761537199,SMP489,1
762037782,SMP254,1
762274975,LHAD1b2_c,1
762526201,Unknown,1
762857726,SMP316,1
762871258,Unknown,1
763116811,SMP057,1
763470548,Unknown,1
763889196,Unknown,1
764153172,SMP281,1
764222141,Unknown,1
765145895,FS3,1
765564814,Unknown,1
765931172,Unknown,1
766255970,Unknown,1
766972501,Unknown,1
767473384,OA-VPM4,1
768935840,Unknown,1
769000432,Unknown,1
769000814,Unknown,1
769039951,Unknown,1
769268002,CRE034,1
769553073,Unknown,1
769670101,Unknown,1
769718055,Unknown,1
770249286,LT34,1
789130596,PFL3,1
790520994,Unknown,1
790641825,LHPD2c4,1
791043906,SMP381,1
791090597,Unknown,1
791527493,5-HTPMPV03,1
792450754,SIP034,1
793905507,Unknown,1
794246765,Unknown,1
794920152,Unknown,1
794946803,FS1B,1
795606987,Unknown,1
796210710,Unknown,1
796232909,SMP510,1
797194962,CRE020,1
797277919,Unknown,1
799521639,AOTU024,1
799578347,PAM13,1
799586652,MBON05,1
800212579,SMP148,1
800588608,CRE085,1
800704780,Unknown,1
800925392,CL312,1
801068349,Unknown,1
801671616,Unknown,1
801970070,Unknown,1
820856412,SMP460,1
821729315,CL171,1
821729374,CL161,1
822078542,SMP381,1
822380754,SMP414,1
822428009,SMP597,1
822461999,SMP398,1
822562470,Unknown,1
822833681,Unknown,1
823879266,Unknown,1
824115747,SMP502,1
825186389,Unknown,1
825278007,Unknown,1
825822254,LAL030_b,1
827016935,Unknown,1
828316734,Unknown,1
828658169,Unknown,1
828934059,FB5T,1
828955389,CL174,1
829024965,Unknown,1
829050526,CRE080,1
829279239,LAL077,1
829693574,SMP273,1
830634936,CRE054,1
831057494,Unknown,1
831295271,Unknown,1
832301110,Unknown,1
852422640,CL161,1
852897751,Unknown,1
853437941,CL143,1
855181776,Unknown,1
856670426,Unknown,1
858604499,CRE015,1
859381489,SMP133,1
859688555,Unknown,1
860305498,FB6N,1
861005020,CRE029_b,1
861061095,Unknown,1
861341500,Unknown,1
861372060,Unknown,1
862053324,Unknown,1
862671913,CRE054,1
863340110,Unknown,1
863500820,Unknown,1
864048288,Unknown,1
882239837,PFL2,1
883500704,PS258,1
884269218,Unknown,1
884273795,Unknown,1
884636075,SMP395,1
887015314,Unknown,1
888146447,AVLP493,1
888978890,Unknown,1
890092483,Unknown,1
890619489,Unknown,1
891409875,Unknown,1
891474688,Unknown,1
891663788,LAL080,1
891771553,CRE100,1
892109219,Unknown,1
892376241,SMP570,1
892385258,CRE043_a,1
892722090,CRE081,1
893338771,SIP024,1
893421054,Unknown,1
893515939,Unknown,1
893710296,PAM14,1
894163829,Unknown,1
894380152,CRE014,1
894724798,SMP214,1
895100374,Unknown,1
895441451,MBON26,1
895791663,Unknown,1
910451489,PPM1204,1
911569552,PFL3,1
915951309,FS3,1
915981352,Unknown,1
916646779,FS3,1
917298286,CL209,1
917643796,OA-ASM2,1
917919724,CRE066,1
920657321,Unknown,1
920665877,Unknown,1
920708433,Unknown,1
921684387,Unknown,1
922073305,Unknown,1
922302296,CL060,1
922595498,AVLP256,1
922643119,AOTU062,1
923415956,SMP165,1
923752335,Unknown,1
924737391,SMP568_a,1
924788221,CL261,1
925052149,Unknown,1
925090871,Unknown,1
925799233,PAM01_b,1
926584037,Unknown,1
946300310,FB6X,1
947582284,CL308,1
947681560,FS3,1
947685653,FC2C,1
948626958,Unknown,1
948851462,AVLP494,1
952724101,CRE056,1
953013850,CL342,1
953103667,Unknown,1
953410147,CRE056,1
953414780,FB4H,1
956126012,PLP048,1
956518968,LAL200,1
957485415,Unknown,1
975197713,LAL192,1
978056035,IB022,1
978686129,FS3,1
978971398,CL123,1
979066072,FS3,1
979368408,FS3,1
983202377,Unknown,1
983522047,Unknown,1
984799284,CRE060,1
985510931,Unknown,1
985839488,Unknown,1
986089634,AOTU003,1
986098785,AOTU008_a,1
986974738,CRE010,1
987273073,Unknown,1
987842109,Unknown,1
988567837,FB4G,1
988909130,FB5V,1
989228019,FB5V,1
1003215282,CL229,1
1006928515,CL300,1
1008024276,FB5N,1
1011378821,Unknown,1
1013066710,CRE071,1
1014824204,Unknown,1
1015458774,LAL062,1
1019214774,Unknown,1
1019270475,Unknown,1
1019270934,Unknown,1
1020608033,Unknown,1
1020608279,ATL027,1
1020625448,Unknown,1
1036646944,LAL149,1
1036987921,ATL042,1
1037337131,Unknown,1
1039068185,FB5O,1
1039685005,CL243,1
1044459902,Unknown,1
1045452897,Unknown,1
1048975307,FB4P_a,1
1049571474,Unknown,1
1050016388,Unknown,1
1050249353,CRE104,1
1050922195,AOTU020,1
1050935614,FB5V,1
1050991297,Unknown,1
1065284812,IB031,1
1068777508,IB070,1
1070103072,FS1B,1
1071183464,Unknown,1
1072507501,FC2A,1
1076173414,AOTU020,1
1076841388,Unknown,1
1078956785,Unknown,1
1081957306,CRE041,1
1100801188,FB4D,1
1101142083,FC1C,1
1102191395,FB5P,1
1102795781,FS3,1
1106944058,Unknown,1
1107566252,FC1C,1
1108222244,Unknown,1
1109314712,Unknown,1
1112024879,Unknown,1
1113354860,Unknown,1
1132168616,FB4Q_b,1
1132176882,FC1C,1
1135881013,FS3,1
1135941181,FC1E,1
1135941581,FC2A,1
1135984965,FS3,1
1136852717,WED014,1
1137590955,AOTU042,1
1138627253,Unknown,1
1138915459,LAL060,1
1143167974,SMP370,1
1158691908,PS152,1
1160073701,LAL191,1
1162534149,CL054,1
1162862710,FB4F_a,1
1163552692,FC1D,1
1164503211,OCG06,1
1164882751,FC2A,1
1167235720,FS3,1
1169954704,Unknown,1
1172031461,PAM08_c,1
1200554295,AVLP096,1
1220412108,PS271,1
1220434040,SMP375,1
1222187110,Unknown,1
1223388206,WEDPN17_a,1
1223611056,Unknown,1
1223848354,Unknown,1
1224293669,Unknown,1
1224523027,Unknown,1
1231679666,Unknown,1
1232038141,LAL123,1
1232041867,Unknown,1
1232369902,Unknown,1
1236864438,Unknown,1
1260197431,LC33b,1
1260197510,LC33a,1
1263646693,LC33a,1
1283173461,PS127,1
1288953551,AVLP460,1
1289359184,FB4M,1
1292027772,Unknown,1
1295855722,PAM01_b,1
1311487571,FC1C,1
1313849992,PS098,1
1315299801,Unknown,1
1325479712,LAL060,1
1326157533,Unknown,1
1330008281,LAL191,1
1331311183,LAL163,1
1344275238,PS264,1
1356173442,LAL068,1
1357192528,Unknown,1
1374649768,PS122,1
1378440243,Unknown,1
1387527359,WED082,1
1387881882,LAL069,1
1388227743,Unknown,1
1438515327,Unknown,1
1439155296,Unknown,1
1440462865,Unknown,1
1444351896,LT51,1
1446527869,CL311,1
1448587188,Unknown,1
1448591766,LAL128,1
1448794542,Unknown,1
1448936559,Unknown,1
1449947649,Unknown,1
1450634305,Unknown,1
1470065021,LAL151,1
1479618250,OA-VUMa1,1
1482351119,Unknown,1
1485786914,mAL1,1
1498379140,LAL090,1
1501820626,VES033,1
1504207129,LAL199,1
1506382974,Unknown,1
1507933560,DNp17,1
1510303733,Unknown,1
1510648834,LAL124,1
1512707390,LAL147,1
1514076455,Unknown,1
1533226802,PS165,1
1533542078,VES021,1
1533567270,Unknown,1
1534721340,LC33a,1
1535791554,Unknown,1
1541338954,LAL087,1
1546155976,Unknown,1
1565285353,Unknown,1
1565608898,Unknown,1
1566354821,Unknown,1
1571708235,Unknown,1
1597287219,Unknown,1
1605471724,Unknown,1
1605842920,LAL159,1
1623262447,PS140,1
1628062270,LAL135,1
1637171546,LAL201,1
1638561518,Unknown,1
1656683728,Unknown,1
1657021094,Unknown,1
1659753362,Unknown,1
1671952694,M_lvPNm24,1
1686717182,Unknown,1
1688409902,Unknown,1
1719436402,Unknown,1
1719764109,Unknown,1
1719953914,LC46a,1
1722156238,Unknown,1
1722164148,VES023,1
1728942250,LAL098,1
1750816348,Unknown,1
1753523046,WED013,1
1758962229,Unknown,1
1784891294,Unknown,1
1785581836,Unknown,1
1788654858,Unknown,1
1811163598,PS145,1
1812493277,LAL025,1
1812515382,Unknown,1
1814604278,Unknown,1
1815929980,Unknown,1
1816620233,Unknown,1
1816621089,Unknown,1
1817307538,Unknown,1
1817712927,SMP148,1
1841174731,Unknown,1
1843536369,PS192,1
1848666581,Unknown,1
1874947561,Unknown,1
1877667406,VES045,1
1879018709,Unknown,1
1883042152,WEDPN16_a,1
1905977495,Unknown,1
1910066090,Unknown,1
1910407468,Unknown,1
1911438496,Unknown,1
1911775733,Unknown,1
1939050870,Unknown,1
1940419606,Unknown,1
1942438892,Unknown,1
1942452957,Unknown,1
1943147567,LAL174,1
1968721678,Unknown,1
1972477099,Unknown,1
1997377784,Unknown,1
1999751538,Unknown,1
2002837964,Unknown,1
2003175684,Unknown,1
2003862685,Unknown,1
2008571631,Unknown,1
2033865410,Unknown,1
2034213892,Unknown,1
2034477252,WED149,1
2034555457,Unknown,1
2035229936,Unknown,1
2035238470,Unknown,1
2035574498,Unknown,1
2035906864,Unknown,1
2066588633,Unknown,1
2066605141,Unknown,1
2066605922,Unknown,1
2067265009,Unknown,1
2067265677,Unknown,1
2067597984,Unknown,1
2067847820,WED014,1
2097303136,Unknown,1
2097639393,Unknown,1
2098321419,Unknown,1
2098995259,Unknown,1
2127659983,Unknown,1
2127997003,Unknown,1
2130038437,Unknown,1
2131023294,Unknown,1
2147677469,SMP575,1
2157327176,Unknown,1
2157327321,Unknown,1
2186293111,Unknown,1
2187325736,Unknown,1
2187683348,Unknown,1
2188356978,Unknown,1
2188361816,Unknown,1
2190382236,Unknown,1
2190745188,Unknown,1
2192108884,Unknown,1
2219046255,Unknown,1
2221779613,Unknown,1
2223148195,Unknown,1
2223477154,Unknown,1
2249741022,Unknown,1
2250418423,Unknown,1
2250422894,Unknown,1
2251437875,Unknown,1
2251778373,Unknown,1
2253833921,Unknown,1
2254523290,Unknown,1
2280788907,Unknown,1
2283158828,Unknown,1
2283166821,Unknown,1
2311456176,Unknown,1
2312828760,Unknown,1
2313528908,Unknown,1
2314538529,Unknown,1
2315553068,Unknown,1
2315553917,Unknown,1
2315898572,Unknown,1
2316252927,Unknown,1
2343199299,Unknown,1
2344887829,Unknown,1
2345914819,Unknown,1
2409016548,Unknown,1
5812980142,SMP508,1
5812980467,Unknown,1
5812980520,CRE029_c,1
5812980658,LHPD2a5_b,1
5812982122,Unknown,1
5812982295,SMP209,1
5812982959,Unknown,1
5812983110,CL326,1
5812983128,LAL005,1
5812983825,LAL101,1
5812983878,IB109,1
5812984012,IB091,1
5812987034,VES055,1
5812988363,Unknown,1
5812991473,LC46a,1
5812992091,Unknown,1
5812997961,Unknown,1
5813002671,Unknown,1
5813005012,Unknown,1
5813009578,SLP127,1
5813009946,Unknown,1
5813010266,Unknown,1
5813010828,FB7C,1
5813010938,Unknown,1
5813011074,LAL007,1
5813011125,FB2L,1
5813011320,SMP437,1
5813011407,Unknown,1
5813011443,SMP462,1
5813011486,SMP408_c,1
5813012193,Unknown,1
5813012231,SMP117_b,1
5813012619,Unknown,1
5813012995,CRE095,1
5813013194,Unknown,1
5813013630,LHPD2c3,1
5813013636,Unknown,1
5813014242,Unknown,1
5813014258,Unknown,1
5813014693,FB5G,1
5813014793,Unknown,1
5813015408,CL147,1
5813015448,Unknown,1
5813015594,LAL150,1
5813016958,CL261,1
5813020388,PLP012,1
5813020674,FS4C,1
5813020696,SMP337,1
5813020785,SLP439,1
5813020803,SMP186,1
5813020857,SMP568_d,1
5813021046,CRE102,1
5813021498,SMP398,1
5813021564,SMP410,1
5813021899,PLP123,1
5813022026,LAL012,1
5813022343,SMP140,1
5813022404,PAM01_b,1
5813022424,PPL103,1
5813022459,LHAD1b2_b,1
5813022538,LC33b,1
5813022759,CRE059,1
5813024852,Unknown,1
5813032709,SIP063,1
5813033379,IB091,1
5813035328,SMP525,1
5813035418,Unknown,1
5813038604,Unknown,1
5813039906,SLP396,1
5813040037,CL176,1
5813040190,CRE026,1
5813040766,SMP155,1
5813046658,Unknown,1
5813046745,Unknown,1
5813047739,SMP367,1
5813048745,CL300,1
5813053860,PVLP151,1
5813053923,LAL047,1
5813054659,CRE039,1
5813056168,Unknown,1
5813056257,SIP062,1
5813056791,Unknown,1
5813056917,LNd,1
5813057461,AVLP563,1
5813057933,SMP378,1
5813058319,CRE012,1
5813061024,VES067,1
5813061112,PLP244,1
5813061642,Unknown,1
5813062838,CRE022,1
5813063524,Unknown,1
5813063829,CL356,1
5813064332,SMP201,1
5813066377,Unknown,1
5813067963,Unknown,1
5813068575,ATL008,1
5813068603,Unknown,1
5813069512,VES009,1
5813071078,SMP090,1
5813071257,SMP442,1
5813071348,PPL202,1
5813075619,SLP393,1
5813075875,SMP506,1
5813076043,FB5D,1
5813077469,SMP090,1
5813078263,Unknown,1
5813079192,LAL185,1
5813081474,Unknown,1
5813082394,Unknown,1
5813082780,SMP024,1
5813087991,SMP278,1
5813089869,Unknown,1
5813092990,SMP107,1
5813094811,CRE103,1
5813096913,CL147,1
5813100373,Unknown,1
5813105726,SLP402,1
5813109198,Unknown,1
5813116551,Unknown,1
5813129453,LHPD2a2,1
5813133917,Unknown,1
5901193720,LAL146,1
5901197274,SMP528,1
5901201909,SLP013,1
5901203505,SLP212,1
5901215966,SMP400,1
5901218930,CRE043_a,1
5901221890,SLP422,1
5901226036,Unknown,1
5901230025,Unknown,1
5901231318,Unknown,1
7112624972,Unknown,1
